name,price,type,address,area,longitude,latitude,year,month,day
隆晟・高新名邸,0,2室/3室,长春周边范家屯板块硅谷大街与科技二路交会,106,125.167341,43.738345,0,0,0
御桂园咏椿,0,1室/2室/3室,长春周边范家屯板块硅谷副街与科技一路交会处,81,125.161848,43.738349,0,0,0
万龙银河城,0,1室/2室/3室,宽城兰家板块海尔大道近甲五路,81,125.257595,44.011148,0,0,0
硅谷印象,0,2室,长春周边范家屯板块敬民路与阜育西街交汇,74,125.182483,43.743863,0,0,0
双泽・润和园,0,2室/3室,长春周边范家屯板块硅谷大街与硅谷副街交汇,106,125.159713,43.736226,0,0,0
新大赛维利亚小镇,5500,2室/3室,宽城合隆镇德隆大街,95,125.165899,44.060777,2020,11,20
益田翠堤悦府,12000,2室/3室,高新硅谷大街硅谷大街与超达大路交会高新喜来登南,120,125.240166,43.798484,2019,03,11
新龙枫丹九里,0,2室/3室,宽城合隆镇合平路与合隆大街交汇处海之恋广场东,110,125.169856,44.064967,0,0,0
金颢・名仕樾府,0,2室/3室,宽城合隆镇北青年路与沃特路交汇吉林司法警官名,107,125.182117,44.071315,0,0,0
德辉首府,9200,2室/3室/4室,二道远达大街新荣街与乾安路交会处,112,125.384489,43.921202,2020,10,01
红星观棠源筑,0,1室/2室/3室,净月净月大街长清公路公里处,82,125.518503,43.683396,0,0,0
睿德上品,0,2室/3室/4室,净月福祉大路生态东街与福祉大路交汇东行米,114,125.389838,43.784539,0,0,0
睿德・锦绣山河,0,3室,二道莲花山度假区莲花山大路与雾开河大街交汇,115,125.423404,43.877131,0,0,0
六合一方,0,1室/2室/3室/4室,经开东方广场吉林大路,129,125.448337,43.882529,0,0,0
大众置业理想城市,9800,2室/3室/4室/别墅,南关南临河街临河街与福祉路交会,138,125.368507,43.785692,2019,11,16
宝裕悦兰湾,12000,2室/3室/4室/5室/6室/7室,南关南临河街临河街与福祉大路交会,142,125.363288,43.787216,2020,08,17
力旺林溪湖,0,2室/3室/4室,二道莲花山度假区东吉林大路与林溪大街交会,164,125.534864,43.890557,0,0,0
学府世家尊府,0,2室,宽城宽城装备大路与建业大街交汇处,74,125.18318,43.984818,0,0,0
世茂莲花山小镇,10500,别墅,二道莲花山度假区龙双公路号,178,125.696523,43.838513,2020,09,19
东安开运公馆,10000,商住,朝阳朝阳开运街与电台街交会,46,125.258337,43.849178,2018,05,10
龙腾文理新时代,0,商住,绿园老城区西安大路与西部快速路交汇西行米,51,125.2873,43.899842,0,0,0
华大城,8600,1室/2室/3室,宽城火车站板块小南街,76,125.333361,43.956673,2020,08,21
雨润星雨华府,6900,2室/3室,宽城新光复路北凯旋路,93,125.272459,43.990385,2020,07,18
奥体玉园,9000,2室/3室,北湖科技开发区奥体中心中科大街近景绘路,111,125.416151,43.989267,2018,10,20
龙腾英才时代,0,2室/3室,北湖科技开发区工业大学湖畔街与锦普路交会,93,125.367979,44.001643,2020,08,30
京誉府,0,2室/3室/4室,宽城火车站板块凯旋路与北环城路交会北行米,101,125.311771,43.963637,0,0,0
轩泽硅谷壹号・书香邑,0,2室/3室,长春周边范家屯板块硅谷大街与富民路交会,117,125.103177,43.722889,0,0,0
高新嘉悦,5400,1室/2室,长春周边范家屯板块硅谷副街与科技二路交会,71,125.164205,43.737,2020,10,25
吉盛碧海华庭・天安府,0,2室/3室,宽城合隆镇德隆大街与博硕路交会东行米,100,125.175062,44.06682,0,0,0
恒居壹号,5100,1室/2室/3室,宽城合隆镇北青年路与合滨路交汇西行米,92,125.183655,44.051397,2020,09,12
新星宇金麟府,0,2室/3室,绿园老城区基隆中街与新竹路交会,105,125.278435,43.915304,0,0,0
天禄金典名城,0,1室/2室/3室,二道远达大街北远达大街与龙兴桥交会处,104,125.382633,43.938736,0,0,0
豪邦锦上,0,2室/3室/4室/5室,南关南临河街临河街与福祉大路交汇处,184,125.364528,43.787921,2020,12,01
金色橄榄城,11000,2室/3室/4室,二道二道吉林大路与洋浦大街交会处,113,125.417205,43.882525,2019,05,12
万盛珑玺,8900,2室/3室/4室,宽城宽城小南街与北三环交汇处,102,125.336138,43.955323,2019,09,21
大众置业湖滨公园壹号,11500,2室/3室,绿园西客站西环城路与南阳路交会西行米,108,125.222784,43.874885,2019,12,31
力旺新大麓,7200,2室/3室/4室,宽城装备制造产业开发区学建大路和兴铁街交汇,97,125.145089,43.993328,2020,08,22
明宇MIMA,0,商住,净月生态大街生态大街与天工路交会,49,125.376538,43.796406,0,0,0
吉邦水韵铭城,0,2室/3室,长春周边范家屯板块东胜路与华翔大街交会处,106,125.090721,43.731215,0,0,0
江南公馆,0,2室/3室,长春周边范家屯板块西胜利大街与范伊公路交汇处,101,125.063477,43.704745,0,0,0
兴泰东郡.天著,0,2室/3室,长春周边范家屯板块硅谷大街与东胜路交汇东行米,101,125.109303,43.721103,0,0,0
招商・学府1872,0,2室/3室/4室,北湖科技开发区龙翔广场北远达大街与才学路交汇口西北侧,102,125.380542,43.996099,0,0,0
阳光上城雅居,0,2室/3室,宽城合隆镇荣发路与北青年路交汇东行米,105,125.19623,44.056359,0,0,0
龙腾香格里,0,2室/3室,二道二道东环城路与乾安路交会处北行米右转,107,125.387639,43.923297,0,0,0
新星宇摩登公园,0,1室/2室/3室,宽城宽城凯旋路与铁北二路交会西行米,92,125.314912,43.913359,0,0,0
青怡坊琅,8500,商住,净月南临河街临河街与天合路交汇处,53,125.370499,43.795519,2020,07,11
府御@,0,1室/2室/3室,宽城合隆镇繁华路与合隆大街交会,89,125.178434,44.056233,0,0,0
阳光庄园,6500,2室/3室,长春周边范家屯板块硅谷大街与东一路交汇,116,125.107765,43.72215,2019,05,06
恒丰时代,8000,商住,净月福祉大路福祉大路与生态东街交会,49,125.386318,43.786647,2018,10,31
华润置地公元九里,9000,2室/3室,北湖科技开发区工业大学和安街与大学城路交会处,108,125.376178,43.999835,2020,11,05
力旺孔雀林,0,2室/3室/别墅,二道莲花山度假区龙双公路与莲花山大路交会南行米,182,125.692737,43.857477,0,0,0
乾宇城,0,2室/3室,农安县农安县长春市烧锅镇政府西米,108,125.007456,43.994143,0,0,0
新星宇广场南熙府,0,2室,南关市政府亚泰大街与南三环交会,93,125.342917,43.816328,0,0,0
力旺中车城,7500,2室/3室/4室,宽城装备制造产业开发区建业大街与物华路交会处,96,125.206797,43.969294,2020,10,20
力旺・荣禧,7300,2室/3室,经开保税区甲三路与山水大街交会处,104,125.523054,43.958544,2020,10,01
万科星光城,0,2室/3室,净月新立城丙一路和临河街延长线交会处,122,125.367947,43.738592,0,0,0
国泰云禧,0,别墅,二道莲花山度假区林溪大街与莲花山大路交会,225,125.526886,43.878597,0,0,0
中顺南苑,13500,2室/3室,南关南部新城南四环路与南湖中街交会处,115,125.304876,43.805191,2019,06,18
新星宇揽悦,0,2室/3室/4室,南关南部新城南湖中街与金宇南路交会,113,125.309844,43.79362,0,0,0
新星宇・书香门第,0,1室/2室/3室,高新硅谷大街硅谷大街与超达大路交会南行米高,119,125.235843,43.798051,0,0,0
新星宇樾府,0,3室,高新欧亚卖场光谷大街与永新路交会处,138,125.219909,43.816142,0,0,0
融汇中央广场,11500,3室/4室,经开经开北海路与仙台大街交汇,132,125.38266,43.8417,2020,08,15
吉盛碧海华庭・滟澜山,0,2室,宽城合隆镇北青年路与合顺路交汇南行米,93,125.202789,44.044205,0,0,0
阳光一品,6500,1室/2室,长春周边范家屯板块硅谷大街与富民路,89,125.101858,43.720572,2019,08,10
北阳新第,13000,2室/3室,南关老南关亚泰大街,112,125.346635,43.862708,2014,12,21
桃花源著?江南,0,2室/3室/4室/别墅,宽城合隆镇长春西北方向长白公路公里处,237,125.086657,43.978604,0,0,0
万晟御水湾,11000,2室/3室,二道远达大街东荣大路,90,125.368579,43.915586,2019,06,21
朗琴屿小区,0,2室/3室,九台区卡伦湖小学路与卡伦老街交会九台四中后院,96,125.552551,44.032529,0,0,0
金地江山LA,12800,2室/3室/4室,南关八一水库芳草街与金宇大路交汇南行米,126,125.279223,43.791211,2020,09,08
顺达书香苑,0,写字楼,宽城合隆镇宽城区合隆北青年路与繁华路交汇东行,0,125.186341,44.060585,0,0,0
复地卡伦湖生态城,0,2室/3室/4室,九台区卡伦湖机场路与卡伦湖大街交会卡伦湖公园正,121,125.539223,43.980305,0,0,0
金地名著,13000,2室/3室,南关南部新城锦湖大路与新明街交会,107,125.318069,43.788045,2020,10,21
澳海富春山居,12000,2室/3室/4室/5室/6室,二道莲花山度假区东吉林大路与林溪大街交会南行米,137,125.531717,43.879205,2020,07,01
吴中姑苏院,15000,3室/4室/5室,高新高新超强东街与创意南路交会处,217,125.23156,43.775011,2019,08,19
旭辉理想城,9000,2室/3室,汽开汽车公园新红旗大街与骏派街交会西行米,106,125.136568,43.823254,2020,07,30
垠禄新界,0,1室/3室/4室,二道二道临河街,153,125.363142,43.863041,0,0,0
保利云上,16000,3室/4室,绿园老城区西安大路与兴阳街交会,122,125.286181,43.899541,2020,06,25
中东港,9400,写字楼,宽城宽城人民大街与北环城路交会,47,125.325327,43.950218,2018,06,10
万星北城上院,0,2室/3室/别墅,宽城装备制造产业开发区装备大路与建业大街交会南行米处,129,125.193649,43.977058,0,0,0
昊源高格蓝郡,7800,1室/2室/3室,二道东盛吉林大路,94,125.385353,43.884158,2017,08,13
中顺碧水园,16500,2室/3室/4室/5室,南关八一水库锦湖大路与芳草街交会北行米八一,149,125.277274,43.791264,2020,07,05
金地悦湖,0,商住,南关八一水库长春市南关区芳草街与金宇南路交会,45,125.278026,43.792254,0,0,0
保利天汇,13500,2室/3室,净月生态大街天普路与生态东街交会,125,125.383947,43.772496,2020,10,15
龙湖天宸原著,0,3室/5室,南关八一水库前进大街与锦湖大路交会处西南米,220,125.291955,43.785355,0,0,0
华西御园,14000,3室/4室,净月福祉大路福祉大路与擎天树街交会处,171,125.410226,43.783761,2019,09,12
国泰云麓,0,3室/4室/别墅,净月净月大街净月大街与森杨路交会东行米,266,125.451723,43.808864,0,0,0
大众置业北城御园,0,2室/3室,宽城新光复路北凯旋路与汽博路交汇北行米,86,125.378219,43.901057,0,0,0
华润橡树湾六期・橡尚公馆,0,商住,南关南部新城南湖中街与金宇大路交会处,45,123.358297,41.856373,0,0,0
云邸,14000,3室,朝阳朝阳开运街与孟家二路交会,111,125.257068,43.848584,2020,11,14
亚泰拾光,0,商住,宽城火车站板块白菊路近嫩江路,58,125.315244,43.900755,0,0,0
兆丰凯旋明珠,0,2室/3室,宽城新光复路北凯旋路新光复路市场前行米凯旋,92,125.27369,44.001738,0,0,0
智荟街,0,写字楼,净月南临河街生态大街与天成路交汇西行米,0,125.368728,43.7894,0,0,0
华润置地长安里,0,2室/3室/4室/5室,高新八一水库西宜居南路与超然街交会,220,125.254003,43.766598,0,0,0
和润广场,0,2室/3室,经开赛德广场经开区南湖大路与深圳街交会,106,125.374484,43.853669,0,0,0
华润置地紫云府,0,3室/4室,南关八一水库前进大街与丙五十二路交会,144,125.299681,43.786937,0,0,0
高新慧园,0,1室/2室/3室/4室/5室/6室,高新高新超强街,147,125.225516,43.779129,2018,12,01
华源公园1号,8990,2室/3室,宽城宽城凯旋北路,90,125.317257,43.966836,2019,04,16
卓扬北湖湾,0,1室/2室/3室/4室,北湖科技开发区龙翔广场远达大街与龙湖大路交会,128,125.391351,43.973661,0,0,0
融大・魔力PARK,0,商住,净月大学城新城大街与天富北路交汇处农大西门,35,125.261864,43.877408,0,0,0
高新君@,13000,1室/2室/3室/4室/5室/6室,高新八一水库西超强大街与睿智路交会处,182,125.244371,43.773928,2019,08,17
天泽凯旋华府,8500,2室/3室,宽城宽城凯旋北路与北环城路交会,102,125.319142,43.959564,2020,11,28
国信南山,11000,1室/2室/3室/4室/5室/别墅,净月净月大街净月大街南延线公里,266,125.528197,43.685746,2019,04,28
兆丰青年路玖号,8100,2室/3室,宽城兰家板块装备大路近兰家大街,86,125.239486,44.002456,2018,09,13
金阳万田,7500,1室/2室/3室,宽城新光复路北凯旋路号,83,125.279938,43.972732,2018,01,11
晟鑫康诗丹郡,10000,2室/3室/4室/5室,净月天泽大路聚业大街号,122,125.418806,43.772148,2015,09,05
万嘉花园二期,0,1室/2室,绿园老城区基隆街,70,125.276855,43.925073,0,0,0
长电・净月SOHO,0,商住,净月大学城新城大街与天富南路交汇,87,125.399813,43.796641,0,0,0
金越逸墅蓝湾,0,2室/3室/4室,高新高新南四环与超凡大街交会处,130,125.26577,43.801684,0,0,0
君地天城四期,0,2室/3室,汽开汽车公园长春汽车经济技术开发区腾飞大路号,105,125.196876,43.834637,0,0,0
新星宇之滨江首府,7000,2室/3室/5室,双阳双阳银瀑广场北侧,149,125.645853,43.523017,2019,06,19
国信净月府,14700,3室/4室/5室,净月天泽大路永顺路与聚业大街交会南行米,211,125.429989,43.76357,2019,04,24
天茂湖,16000,3室/4室/别墅,高新八一水库西超强街,300,125.229668,43.765598,2020,06,27
顺达东师理想城,0,2室/3室,宽城合隆镇德隆大街与合平路交会处,104,125.176241,44.066467,0,0,0
中东红街,12500,写字楼,朝阳红旗街商圈红旗街与建工南路交会北米,32,125.286687,43.868501,2018,06,20
保利熙悦,9800,2室/3室,汽开汽车公园骏派街与森雅路交会处,104,125.147171,43.818094,2020,05,22
大禹华邦,0,3室,绿园老城区西安大路与青州路交会处北行米,0,125.258901,43.910035,0,0,0
吴中桃花源,15000,2室/3室/4室,高新高新超凡大街与越达路交会处,124,125.258844,43.800673,2019,07,01
万晟和府,5500,2室/3室,双阳双阳东华大街与千山路交会南行米,98,125.670331,43.530245,2019,10,26
大众置业净月江山樾,0,2室/3室,净月天泽大路梧桐街与永顺路交会南行米,134,125.432437,43.766214,0,0,0
大众置业臻园,0,3室/4室,经开中东大市场自由大路与苏州北街交会,146,125.385112,43.863662,0,0,0
国信净月别墅,15000,别墅,净月天泽大路聚业大街,275,125.42869,43.764025,2018,07,22
大众未来寓,0,商住,经开赛德广场会展大街与南湖大路交会,40,125.389481,43.852602,0,0,0
塞纳阳光,7100,2室/4室,宽城新光复路柳影路与菜市北街交会,100,125.309372,43.945431,2014,08,30
隆发家园,0,2室/3室,宽城合隆镇农安经济开发区合隆镇合隆街道办事处,96,125.175723,44.065832,0,0,0
大众?国金中心LOFT,0,商住,经开赛德广场东南湖大路与福州街交会处,9908,125.37935,43.836096,0,0,0
万豪国际,7500,写字楼,经开东方广场吉林大路与洋浦大街交汇,0,125.425524,43.879096,2014,05,10
金盛九里新城,8500,2室/3室,净月净月大街长清公路公里处奢新北路西行米,125,125.509469,43.691513,2019,09,24
垠禄倚澜观邸,0,2室/3室,高新欧亚卖场高新区飞跃路与南三环交会,121,125.265985,43.813005,0,0,0
龙嘉尚城,0,1室/2室,九台区九台区龙嘉镇政府对面,71,125.675797,44.068103,0,0,0
御翠园,12000,别墅,净月大学城聚业大街,458,125.423518,43.794344,2017,06,28
普鲁斯小镇,0,1室/2室/3室/4室/别墅,空港经济开发区空港经济开发区港南大路号,190,125.777863,43.994794,0,0,0
亚泰山语湖,16000,2室/3室/别墅,净月天泽大路新城大街与天泽大路交会处,229,125.404819,43.764553,2018,11,17
龙腾静月里,11000,4室/5室/6室/8室,净月福祉大路锦竹东路与紫荆街交会处,301,125.438261,43.778319,2019,10,26
华盛净月壹号,0,3室/4室/5室,净月大学城净月大街与森杨路交会东行米,246,125.455625,43.807855,0,0,0
融创洋浦壹,8500,1室/2室/3室/4室/5室,经开东方广场洋浦大街与大连路交会北行米,112,125.428137,43.895851,2020,10,16
恒大花溪谷,7100,1室/2室/3室,长春周边大岭板块富民大街与三合路交会处,96,125.317363,43.88921,2020,10,01
万科月潭湾,12500,3室/4室,净月天泽大路天泽大路与聚业大街交会,197,125.421633,43.761855,2018,11,20
万科惠斯勒小镇,13000,2室/3室/4室,净月大学城净月大街号,160,125.448004,43.814012,2019,12,11
融创御湖宸院,15000,3室/4室/别墅,高新八一水库西锦湖大路与超凡大街交会处,277,125.265824,43.790639,2019,11,01
万达长春国际影都,0,2室/3室/4室,净月新立城生态西街与丙四十七路交会处,105,125.375059,43.747912,0,0,0
万科柏翠阅湖,16400,3室/4室,朝阳朝阳湖光路与富强街交会,144,125.294656,43.845175,2019,10,15
长春远大购物广场,13000,1室/2室/3室,南关南部新城新明街与华庆路交会,79,125.305968,43.80147,2019,06,16
碧桂园・时代之光,0,2室/3室,北湖科技开发区龙翔广场和安街与大学城路交会北行约米,109,125.376483,44.003368,0,0,0
龙湖中铁建・云Z,0,3室/4室/7室/8室,高新八一水库西超强街与宜居路交汇南行米,134,125.225807,43.767697,0,0,0
保利和光尘樾,0,2室/3室/4室,净月南临河街天青路与临河街交会处,107,125.368679,43.779483,0,0,0
长春恒大国际新都,6000,1室/2室/3室/4室,长德经济开发区春明湖金丰大街与锦绣西路交会,101,125.510981,44.125236,2020,10,24
宝能中心,19800,商住,朝阳朝阳解放大路与人民大街交汇西行约米,71,125.322477,43.878974,2020,10,28
嘉惠喜山,0,1室/2室/3室,二道莲花山度假区莲湖山大路与英祥街交汇,85,125.501279,43.882867,2001,01,01
长春恒大新安生态小镇,5800,1室/2室/3室,宽城合隆镇德隆大街与博硕路交会,91,125.159783,44.076898,2020,10,07
润德A城,0,2室/3室,绿园西客站双丰大街与乙三路交汇,107,125.196928,43.866374,0,0,0
碧桂园江山名筑,6300,2室/3室,双阳双阳西广场南行米林溪美郡西侧,114,125.652986,43.523071,2020,08,31
保利中央广场,0,商住,汽开汽车公园西湖大路与创意南路交会,49,125.187303,43.833408,0,0,0
万隆伟业京学府,0,2室/3室,宽城合隆镇德隆大街与合滨大路交会,103,125.168262,44.044116,0,0,0
青阳华府,8500,2室/3室,二道二道世纪大街与东新路交汇,109,125.410655,43.895007,2020,09,22
万科向日葵小镇,7800,2室/3室,长春周边范家屯板块硅谷辅街与阜育西街交会,108,125.187958,43.745557,2020,10,11
南溪虹著,12500,2室/3室/4室/5室,南关市政府南四环路与彩织街交会处,146,125.356718,43.805096,2019,12,22
吴中尚玲珑,16000,3室/4室,朝阳朝阳前进西街与繁荣北路交会处,140,125.281977,43.843126,2021,12,31
嘉惠燕京十里,7000,2室/3室,长春周边范家屯板块硅谷大街与科技一路交会处,90,125.160077,43.741328,2001,01,01
万科蓝山,0,3室/4室,二道东盛东盛大街与四通路交会,124,125.379838,43.892487,0,0,0
国泰・Rio Mall,12000,商住,高新高新前进大街与卫星路交汇处,41,125.286702,43.832021,2020,08,01
华润置地御2期,0,3室,净月生态大街生态西街与丙四十五路交会,116,125.373611,43.751409,0,0,0
云湖府邸,13000,2室/3室/4室/5室,南关八一水库锦湖大路与芳草街交会东行米,140,125.327088,43.830864,2018,09,03
居然世界里,12500,2室/3室/4室,高新硅谷大街硅谷大街与锦湖大路交会,124,125.227837,43.789741,2019,04,27
中海麓山,13200,3室/4室,净月天泽大路聚业大街与永顺路交会,143,125.41874,43.766273,2019,06,27
地铁万科西宸之光,12000,2室/3室,汽开西湖板块西四环路与富民大街交会西行米,105,125.175233,43.857621,2020,08,11
万科溪望,0,2室/3室,北湖科技开发区工业大学大学城路与湖畔街交汇,96,125.37305,43.995158,0,0,0
青怡坊昆m,0,商住,绿园西客站站前街与飞跃路交会处,65,125.210681,43.875371,0,0,0
中国铁建西派唐颂・观源,0,3室/4室/别墅,北湖科技开发区龙翔广场湖畔街与中盛路交会北湖湿地公园正门,262,125.373607,43.989548,0,0,0
中天东君府,7050,3室/4室,二道莲花山度假区雾开河大街与雾九路交会莲花山管委会,111,125.550957,43.88383,2020,09,19
中海橡树园,0,3室,高新八一水库西超凡大街与城南大路交汇,116,125.261649,43.764514,0,0,0
万科翠湖春晓,10500,2室/3室/4室,净月新立城紧邻新立城水库,137,125.388255,43.703339,2020,10,30
保利净月和府,10500,3室/别墅,净月天泽大路聚业大街与天泽大路交汇处南米西,170,125.420177,43.756963,2019,06,30
万科新都会,13000,商住,南关八一水库金宇大路与泰春街交会处,141,125.287492,43.792385,2019,11,01
国信南山翰林府,0,2室/3室/4室,净月净月大街净月区净月大街南延线公里处东北师,129,125.533186,43.657718,0,0,0
碧桂园星钻,0,2室/3室,经开东方广场大连路与锦州街交会,100,125.436054,43.888814,0,0,0
万科翡翠滨江,13500,1室/2室/3室,南关老南关东莱北街与永宁路交会处,76,125.356489,43.909439,2018,07,22
中海尚学府,10500,2室/3室/5室,北湖科技开发区工业大学盛北大街与博盛路交会,189,125.39439,44.003231,2019,05,31
保利天誉,14500,3室/4室,南关市政府南湖中街与谊民路交汇,261,125.307052,43.81266,2020,05,10
华润置地万象府,0,3室/4室,净月生态大街南四环路与百顺街交会处,128,125.38612,43.822678,0,0,0
万科金域蓝湾,12500,3室/4室,北湖科技开发区龙翔广场北湖科技开发区龙湖大路与北湾东街交会,124,125.389279,43.977228,2020,10,01
润德锦城,12500,2室/3室,南关南部新城金宇大路与南湖中街交汇南行米,107,125.302173,43.790383,2019,11,23
新星宇诗书世家,0,3室/4室,北湖科技开发区工业大学远达大街与锦普路交会处,112,125.383513,43.99837,0,0,0
嘉惠燕京府,12500,2室/3室,高新高新超达大路与创建街交汇处,118,125.254049,43.805931,2019,05,01
大众置业长春院子,13000,别墅,净月天泽大路净月大街长影世纪城南行米,365,125.451752,43.760605,2019,09,10
大众置业春江明月,10000,2室/3室/4室/别墅,净月天泽大路净月大街与天泽大路交会处,216,125.437992,43.75927,2018,12,29
保利拾光年,0,2室/3室,净月南临河街近东师华蕴实验学校南门约米,107,125.369115,43.749265,0,0,0
长春恒大文化旅游城,6900,1室/2室/3室,长春周边大岭板块公主岭经济合作区富民大街号,97,125.093715,43.847773,2020,09,21
中海锦城,13300,2室/3室,经开中东大市场十堰街和自由大路交会,111,125.404588,43.871391,2020,08,03
万龙建阳府,12000,1室/2室/3室,绿园老城区皓月大路与建阳街交汇,85,125.284605,43.888414,2020,10,16
保利时光印象,13500,2室/3室/4室,经开中东大市场自由大路与十堰街交会,112,125.40226,43.867275,2020,10,30
万科溪望荟,12500,2室/3室,北湖科技开发区工业大学大学城路与和安街交会处,102,125.37305,43.995158,2020,04,30
中铁逸境,9000,2室/3室,汽开西湖板块汽开区富民大街与西四环路交汇西行,101,0,0,2020,06,20
绿地澜溪府,14500,2室/3室/4室,南关市政府前进大街与南三环交会,110,125.307955,43.822007,2020,08,17
嘉惠九里,12500,2室/3室,经开经开吉林大路与天水街交汇,109,125.419316,43.880525,2019,07,28
金丰御水国际传媒大厦,4755,商住,长德经济开发区春明湖金汇大路号,80,125.509698,44.133013,2019,06,05
龙翔国际观邸,0,2室/3室,北湖科技开发区龙翔广场中科大街与明斯克路交会,104,125.406651,43.966987,0,0,0
华润置地紫境,13000,3室,南关南部新城前进大街与锦湖大路交会南行米,144,125.317713,43.795571,2020,07,01
益田假日天地・柒寓,0,商住,高新高新超凡大街与顺达路交汇,51,125.235099,43.793667,0,0,0
中海・玺悦洋房,0,2室/3室,北湖科技开发区龙翔广场达盛路与盛北大街交汇,118,125.305587,43.89542,0,0,0
天安华府,0,3室/4室,高新硅谷大街硅谷大街与前进西街交会处,240,125.279577,43.832844,0,0,0
兰溪学府,9500,2室/3室,南关南临河街福祉大路与临河街交会南行米,104,125.362721,43.782657,2019,11,24
熙旺中心,0,商住,宽城宽城北人民大街与庆丰路交会,61,125.326825,43.937983,0,0,0
晰晰悦府,0,2室/3室,北湖科技开发区工业大学北远达大街与鑫盛大路交会,112,125.399531,43.976746,0,0,0
新星宇和源四期,0,3室/4室,高新高新光谷大街与永新路交会处,145,125.22099,43.809942,0,0,0
良品柏宏筑福里,9300,2室/3室,经开北区经开北区北远达大街望龙桥北侧,121,125.387741,43.944166,2019,06,22
中海云麓公馆,0,3室,绿园老城区台北大街与富丰路交会,112,125.307037,43.924044,0,0,0
万龙国际城三期,8800,2室/3室,宽城宽城宽城凯旋路与北四环交会南米,93,125.308251,43.968101,2020,06,16
万龙净月上院,12000,2室/3室/4室,净月南临河街吉林省长春市南关区新立城镇净月旅游开,108,125.379784,43.764063,2020,09,25
长春凯利汽车欢乐广场,0,2室/3室,绿园西客站长春市绿园区南阳路号,103,125.216117,43.876353,0,0,0
日辉・会展新世界,0,商住,经开赛德广场会展大街与北海路交汇,49,125.387185,43.841042,0,0,0
融创东方宸院,0,写字楼,净月天泽大路天泽大路与生态东街交会,0,125.387111,43.766066,0,0,0
中海盛世城,12000,2室/3室/5室/别墅,北湖科技开发区龙翔广场北远达大街与宽达路交会,204,125.391971,43.960181,2019,05,31
香港城住宅,0,1室/2室/3室,绿园老城区西环城路号,80,125.244501,43.904681,0,0,0
龙湖舜山府,0,3室/4室,净月天泽大路天泽大路与临河街交会,136,125.364187,43.770083,0,0,0
恒大首府,0,2室/3室/4室,汽开汽车公园汽车大道,167,125.204589,43.83456,0,0,0
新星宇之悦,8700,3室/4室,北湖科技开发区龙翔广场中科大街,120,125.415986,43.98285,2019,06,30
保利溪湖林语,12500,2室/3室/4室/5室/别墅,南关八一水库前进大街,144,125.287936,43.786903,2018,09,30
恒大御水庄园,7000,2室/3室/4室/别墅,二道莲花山度假区东吉林大路与林溪大街交会处南行公,229,125.523839,43.882748,2017,11,19
国信南湖别墅,25000,别墅,朝阳红旗街商圈湖西路东胡同,331,125.289906,43.86339,2018,05,26
南郡瀚府,0,2室/3室,高新八一水库西宜居路近翠堤街,97,125.364635,43.840658,0,0,0
中国铁建西派府,0,3室,经开东方广场洋浦大街近合肥路,140,125.42025,43.876396,0,0,0
御翠湾,12000,别墅,高新八一水库西宜居路号,0,125.26578,43.774023,2019,01,01
信达万科翡翠学院,0,3室,高新八一水库西超凡大街近创意路,135,125.265188,43.778069,0,0,0
澳海澜郡,0,1室/2室/3室/4室/5室,北湖科技开发区奥体中心福源街,96,125.419222,43.986128,0,0,0
大众?金融CBD  LOFT,0,写字楼,经开赛德广场南湖大路与临河街交会处,51,125.388787,43.853396,0,0,0
亚泰华府,0,2室/3室/4室/别墅,净月生态大街生态大街与福祉大路交会,290,125.38031,43.783435,0,0,0
恒大名都,8800,2室/3室/4室,高新欧亚卖场超达大路,145,125.213423,43.811748,2020,06,30
长春金鹰世界,8500,2室/3室/4室,二道二道东吉林大路与雾开河大街交会,218,125.554138,43.890817,2020,03,31
华润中心・悦玺,0,商住,南关老南关人民大街与解放大路交汇处,58,125.326689,43.87946,0,0,0
鸿泰城市广场,0,商住,南关市政府华新街与谊民路交会处,49,125.314258,43.813949,0,0,0
钜城国际中心,22000,商住,南关南部新城人民大街与金宇大路交汇,56,125.317467,43.800896,2019,12,31
中海龙玺,10500,3室/5室/6室/别墅,北湖科技开发区龙翔广场龙湖大路与盛北大街交会,209,125.398865,43.974208,2019,02,28
华润中心,0,3室/4室,南关老南关人民大街与解放大路交会,215,125.326689,43.87946,0,0,0
逸品湖畔,0,1室/2室/3室,九台区卡伦湖卡伦经济开发区滨水大路吉林工商学院,82,125.556775,43.997441,0,0,0
尚德华樾,0,2室,长德经济开发区春明湖长德新区聚德大街与德旺路交汇处,87,125.458806,44.083341,0,0,0
国盛溪语墅,12000,别墅,南关南部新城东环城路,357,125.273859,43.802056,2020,01,01
车城万达广场,0,商住,汽开汽车公园汽车大道近西湖大路,60,125.19059,43.827387,0,0,0
富诚尚品,0,2室/3室,长春周边范家屯板块范家屯经济开发区经开大街与清源路交汇,97,125.073169,43.731148,0,0,0
富腾御湖壹号院,0,2室/3室/4室,长春周边其他四平市铁西区政府南行米,117,124.343627,43.142809,0,0,0
金地名悦,13500,2室/3室/4室/8室,宽城火车站板块北人民大街与台北大街交会东行米,159,125.326733,43.919531,2019,09,27
恒大江湾,8800,3室/4室,宽城宽城北环城路,142,125.361163,43.94557,2019,04,11
保利金香槟,9500,商住,南关市政府人民大街与南四环交会,73,125.332002,43.8113,2018,06,02
万科城市之光商铺,0,写字楼,绿园西客站南阳路与丁三十三路交会北行约米,0,125.220594,43.881193,0,0,0
长春复华未来世界,0,商住,净月南临河街生态大街与天泽大路南行米,134,125.382661,43.751386,0,0,0
力旺弗朗明歌三期,0,别墅,南关市政府南环城路与彩织街交会处,335,125.35507,43.818282,0,0,0
学府上城,5500,1室/3室,宽城合隆镇北青年路与合新路北行米,82,125.183507,44.064499,2019,01,09
新龙紫云府,0,2室/3室/4室,农安县农安县文昌街与人民路交汇新龙一品华城六期,127,125.168789,44.41032,0,0,0
成泰紫樾_,0,2室/3室,双阳双阳站前街与黄山路交会处,114,125.649325,43.520164,0,0,0
豪邦四季经典荣域,0,2室/3室,宽城柳影路基隆北街与新月路交会,110,125.280808,43.935042,0,0,0
剑桥春雨,8800,2室/3室,宽城宽城长新街与团山街交会,101,125.357673,43.930147,2019,04,03
北湖吾悦广场,8800,2室/3室/4室,北湖科技开发区龙翔广场北远达大街与明斯克路交会,116,125.386837,43.971206,2018,07,25
万龙银河城西区,8800,2室/3室,绿园西客站西四环路与站前街交会,99,125.18552,43.859512,2019,04,28
金地・风A雅筑,0,2室/3室/4室,高新八一水库西超凡大街与宜居南路交会,203,125.260488,43.766088,0,0,0
豪邦青青家园,9000,2室/3室,宽城柳影路新月路与基隆北街交会处,89,125.282139,43.936327,2018,05,23
瑞邦晶融汇,0,商住,南关市政府南环城路号,0,125.318415,43.822071,0,0,0
幸福美郡,0,1室/2室/3室,宽城合隆镇北青年路与学苑路交会处,91,125.180719,44.075232,0,0,0
硅谷新城创客大厦,0,商住,高新硅谷大街硅谷大街与西越达路交会东行米,0,125.239043,43.800805,0,0,0
和顺里,0,3室,二道东盛东新路与和顺街交会处,127,125.377299,43.892767,0,0,0
君临悦棠,0,2室/3室/4室,双阳双阳西双阳大街与铁东路交会处,114,125.643312,43.521934,0,0,0
建龙第一城,0,2室,双阳双阳东双阳大街与山河路交会,0,125.684335,43.534289,0,0,0
明佳时代广场,0,2室,农安县农安县烧锅镇长白公路与烧合路交会处,77,125.028959,44.004858,0,0,0
天盛御景溪岸,0,2室/3室,双阳双阳长春市双阳区双阳大街与山河路交汇,94,125.661666,43.521614,0,0,0
北湖春天,0,写字楼,北湖科技开发区龙翔广场中科大街与明斯克路交会,0,125.419015,43.965981,0,0,0
兴旺香格美地,0,写字楼,农安县农安县烧锅镇长白公路公里,0,125.039243,44.002664,0,0,0
青怡坊国际旅游文创产业园,0,写字楼,绿园老城区站前街与飞跃路交汇,49,125.205664,43.875532,0,0,0
卓扬・中华城商铺,0,写字楼,宽城宽城中东砂之船东侧,121,125.331249,43.947879,0,0,0
爱尚北湖商铺,0,写字楼,北湖科技开发区龙翔广场盛北大街与明斯克路交汇,0,125.397593,43.970015,0,0,0
润和西部尚城门市,0,写字楼,绿园西客站富民大街与西湖大路交会,0,125.183129,43.856535,0,0,0
力旺康城,12000,2室/3室/4室,二道二道金钱路,113,125.370452,43.941698,2018,06,22
伟峰东樾,12000,2室/4室/6室,净月南临河街生态大街与天富路交会处,165,125.385039,43.801569,2013,08,31
万星幸福城二期宽府,7888,写字楼,宽城火车站板块亚泰北街与小南街交会北行米,0,125.334599,43.947572,2017,08,12
大众置业净月深水湾,0,2室/3室/4室/5室/6室/别墅,净月大学城净月大街,146,125.3916,43.83485,0,0,0
中海净月华庭,12500,2室/3室,净月南临河街天富路与生态东街交会北行米,98,125.393975,43.804647,2016,08,17
红大汇诚,10300,1室/2室/3室,二道二道河东路近远达大街,86,125.383502,43.909455,2018,07,31
豪邦四季中央,0,商住,宽城柳影路农安南街,70,125.296684,43.935632,0,0,0
中海凤凰熙岸,6200,2室/3室,南关老南关前进大街与金宇大路交会西行米,102,125.27815,43.794933,2016,08,24
碧桂园鼎,14000,3室/4室/5室,南关南部新城盛世大路近芳草街,318,125.278146,43.803371,2014,07,15
恒大城,7500,3室,宽城柳影路青年路近北环城路,0,125.291287,43.946914,2018,12,15
润和西部尚城,8500,1室/2室/3室,绿园西客站西湖大路和富民大街交会,89,125.1839,43.857617,2015,04,04
中海寰宇天下,0,商住,经开北区经开北区北远达大街,55,125.387412,43.949324,0,0,0
冠城国际,0,商住,南关老南关人民大街号市政府南行米,48,125.331804,43.79753,2018,12,31
中天北湾新城,12000,1室/2室/3室/5室,北湖科技开发区龙翔广场应化南路,91,125.391349,43.96785,2019,09,08
吴中天悦公馆,13500,4室/5室,绿园老城区景阳大路,232,125.273141,43.882827,2015,11,20
保利香槟,0,2室/3室,净月天泽大路临河街与南四环交会处,121,125.367911,43.808937,0,0,0
保利中央公园,9500,2室/3室/4室/7室,汽开汽车公园东风大街,204,125.183015,43.83385,2018,05,12
尚都动漫小镇,0,2室/3室,净月福祉大路新城大街与柳莺西路交会处,104,125.403289,43.778406,0,0,0
郡望安石,6800,1室/4室,宽城火车站板块九台路与庆丰路交会亚泰大街西行,98,125.331558,43.936385,2014,05,17
万科金色里程,16000,2室/3室/4室,汽开西湖板块西湖大路与长沈路交会,105,125.202507,43.818909,2017,03,10
国信中央新城,12000,别墅,南关老南关金宇大路,375,125.315844,43.7926,2017,11,04
吴中北国之春,8300,2室,经开北区经开北区北远达大街,0,125.387982,43.952069,2017,08,13
西湖一号,7000,1室/2室/3室,汽开西湖板块汽车广场南米长沈路西侧,94,125.200746,43.821512,2015,08,08
英伦小镇,0,1室/2室/3室,宽城柳影路北环城路号北环城路与菜市北街交,92,125.301104,43.95596,2017,08,25
中铁香堤美郡,5030,1室/2室/3室,汽开汽车厂腾飞大路与西湖大路交会北行米路东,92,125.194053,43.832549,2015,05,01
红晟陶然庭苑,8700,1室/2室/3室,南关八一水库幸福街号,98,125.312218,43.820895,2017,11,12
恒大檀溪郡,9315,1室/2室/3室/4室,净月天泽大路天泽大路,114,125.414688,43.762084,2017,07,02
中国铁建花语城,10000,3室/4室,高新欧亚卖场众恒路,128,125.24535,43.829367,2018,03,14
圣海翠湖园,9800,1室/2室/3室,朝阳朝阳前进大街号前进大街与繁荣路交会,93,125.287018,43.841991,2014,12,08
月伴林湾,0,1室/2室/3室,经开赛德广场新城大街,91,125.407597,43.834456,0,0,0
君悦华庭,3300,1室/2室/3室,宽城合隆镇经济开发区长隆大街与合滨大路交会,75,125.196299,44.048148,2016,10,01
澜山溪谷,3300,2室/3室/4室,净月天泽大路开发区南公里处长清公路公里,103,125.526375,43.691641,2014,10,13
万晟康城,0,1室/2室/3室,九台区九台区卡伦镇紧邻湖畔香湾卡伦老街与卡伦湖,67,125.542975,44.021597,0,0,0
东安瑞凯国际,21000,1室/2室/3室,南关老南关金宇大路与新明街交会,88,125.311194,43.798254,2016,09,14
吴中家天下,7300,1室/2室/3室,二道远达大街远达大街与长新东路交会处,90,125.37093,43.9295,2015,04,30
富腾东南天下,0,2室/3室,经开中东大市场浦东路与福州街交会,101,125.406116,43.857373,0,0,0
东地天澜,0,2室/3室/4室,高新高新超越大街与创意路交会处西行米,110,125.235589,43.777515,0,0,0
大禹奥城,0,2室/3室,二道远达大街东环城路与远达大街交会处,92,125.380992,43.930515,0,0,0
嘉禾SOHO,9800,商住,高新欧亚卖场华光街,70,125.252041,43.812223,2014,10,31
绿城米m公馆,12000,商住,经开赛德广场金川街,57,125.369562,43.858659,2017,01,15
万龙台北明珠,7500,商住,宽城火车站板块凯旋路号,73,125.31437,43.919721,2018,07,12
和信天阶,9500,1室/2室/3室,净月南临河街新城大街农大正门南行米,92,125.398397,43.804776,2017,09,25
新星宇之新观邸,14000,商住,高新欧亚卖场佳园路,0,125.239189,43.827714,2018,04,22
吴中天玺,12000,2室/3室/4室,绿园老城区正阳街,123,125.272961,43.885824,2017,05,20
青旅宽城一号,24000,2室/3室,宽城宽城北人民大街与宽府路交会,105,125.319998,43.945896,2018,07,31
伟业富强天玺,10500,2室/3室,高新高新宜居路,98,125.224958,43.774184,2018,06,06
梦想公馆,7800,商住,经开赛德广场会展中心轻轨站西行米,68,125.393393,43.832913,2014,11,08
万科城,0,2室/3室,净月南临河街生态广场以南生态东街与天富路交会,100,125.387171,43.799311,2017,09,16
佳泰V公馆,7600,商住,经开东方广场吉林大路与洋浦大街交会处,67,125.421176,43.881011,2015,09,26
益田硅谷新城,7600,商住,高新高新硅谷大街与超达大路交会处,49,125.232148,43.794353,2014,08,17
绿地城,11500,1室/2室/3室/4室,高新八一水库西超越大街,149,125.254455,43.767838,2019,06,29
金色世界湾,0,2室/3室/4室,南关市政府临河街与南四环路交会处,147,125.363407,43.80513,2019,01,01
中凯金地首府,0,2室/3室,九台区九台区卡伦老街桥西四中西米,98,125.551841,44.028268,0,0,0
天富御苑香赞,7800,1室/2室,二道远达大街远达大街,67,125.377578,43.935282,2018,04,13
领秀万象荟・第4街区,0,写字楼,北湖科技开发区工业大学盛北大街与大学城路交汇,0,125.391014,43.989361,0,0,0
绿地中央墅,12500,4室/别墅,南关南部新城前进大街,271,125.300854,43.809976,2017,12,29
宇都和源,5500,1室/2室/3室,高新高新光谷大街与超达大路交会处,91,125.22099,43.809942,2013,10,31
东安白金洋房,9500,2室/3室,宽城宽城长新街号,73,125.348,43.928345,2017,09,07
华方中央首府,9000,2室/3室,绿园老城区绿园西安大路与春明街交汇处,106,125.296092,43.897939,2014,12,17
万豪国际公寓,0,商住,经开东方广场洋浦大街近吉林大路,61,125.425422,43.878861,0,0,0
金色8里城二期,0,1室/2室/3室,二道二道东环城路与乾安路交会,76,125.396019,43.922312,2017,02,17
安联国际,21000,商住,高新欧亚卖场华光街与荷园路交会处,41,125.254895,43.824338,2015,04,26
鑫海警官名城,4580,1室/2室/3室,宽城合隆镇合平路,89,125.179107,44.069833,2015,08,31
大禹红墅,0,别墅,高新高新超凡大街与宜居路交汇处东行米,277,125.265321,43.770355,2015,09,20
五星名城,0,2室/3室,宽城柳影路北环城路与菜市北街交会处,94,125.29725,43.95489,0,0,0
智祥明珠苑,0,2室/3室,绿园老城区西环城路与西安大路交会处,85,125.249262,43.904742,0,0,0
南湖祥水湾,0,1室/3室,朝阳红旗街商圈湖西路与建平街交会处长影世纪村正门,111,125.29238,43.860396,0,0,0
国信南湖公馆,0,2室/3室,朝阳红旗街商圈湖西路号红旗街与湖西路交会处,95,125.290481,43.861422,0,0,0
保利春天里,0,2室/3室,高新欧亚卖场南四环与创信街交会前进大街与南四环,94,125.259307,43.805784,0,0,0
中顺福苑,5500,1室/2室/3室,二道二道长新东路与远达大街交汇,83,125.371008,43.93446,2014,05,01
嘉柏湾,0,1室/2室/3室,经开中东大市场东环城路与昆山路交会处,85,125.397019,43.853756,0,0,0
青旅福润家园,0,2室,二道二道东环城路与东荣大路交会处,89,125.391269,43.915027,0,0,0
远创樾府,0,1室/2室,汽开汽车厂长沈路号长沈路与兴顺路交会西行,64,125.219704,43.835419,0,0,0
富腾御公馆,9000,3室/4室,经开赛德广场会展大街与昆山路交会处,165,125.388986,43.855129,2011,06,12
新星宇和邑,0,2室/3室,经开中东大市场自由大路以北武汉路以南东环城路以东,114,125.397577,43.869641,0,0,0
高新CBD栖乐荟,0,3室/商住,高新欧亚卖场高新区学府街与博才路交会,93,125.258065,43.817675,0,0,0
天安第一城,0,3室/4室,高新欧亚卖场硅谷大街号前进广场以西米,150,125.278336,43.836555,0,0,0
双安金都,0,1室/2室,经开赛德广场会展大街与昆山路交汇,89,125.391742,43.85454,0,0,0
御景名都,0,1室/2室,二道东盛二道东盛大街与四通路交会处,65,125.383386,43.896698,0,0,0
虹馆,0,2室/3室,南关八一水库东岭南街与卫星路交会北行米,135,125.345727,43.837249,0,0,0
新发政协花园,0,2室,净月南临河街生态大街与和美路交汇西行米,93,125.378197,43.775742,0,0,0
关东古镇禧都,0,1室/2室,北湖科技开发区龙翔广场北湖公园北行米,74,125.339201,43.937807,0,0,0
林溪雅筑,0,别墅,二道二道莲花山生态旅游度假区莲花山大路与林,370,125.529592,43.880777,0,0,0
天安豪园,13800,别墅,高新硅谷大街前进西街号,407,125.27792,43.838578,2016,05,29
保利拉菲公馆,7500,商住,汽开汽车厂越野路与红领巾路交会处,0,125.238373,43.865327,2015,04,18
益田硅谷公馆,8300,3室/4室,高新高新超越大街与顺达路交会处,121,125.23924,43.797484,2016,07,17
上东国际,0,写字楼,二道东盛东盛大街近经纬路,0,125.377696,43.869834,0,0,0
斯大林大街5号,0,写字楼,宽城火车站板块人民大街与杭州路交会,0,125.323582,43.906468,2014,10,22
万盛国汇大厦,0,写字楼,绿园老城区西安大路与西环城路交会,0,125.244628,43.901584,0,0,0
恒大北湖印象,9300,2室/3室,北湖科技开发区奥体中心盛北大街与明斯克路交会,115,125.401219,43.968856,2019,05,16
恒大帝景,9500,2室/3室,经开东方广场洋浦大街,113,125.426824,43.891971,2020,04,03
保利堂悦,13500,3室/4室/别墅,净月大学城金河街近银湖路,177,125.453448,43.838277,2019,05,01
亚泰华府华商汇,0,写字楼,净月南临河街生态大街与福祉大路交会沿生态大街南行,193,125.38031,43.783435,0,0,0
宝辉食品城,10,写字楼,宽城宽城黄河路与东七条交会处,0,125.344119,43.907503,2019,11,11
中铁逸湖,9500,2室/3室,汽开西湖板块富民大街与西四环交会处,97,125.175006,43.860189,2019,06,26
南域金御华府,0,2室/3室/4室,南关南部新城金宇大路与前进大街交会南行米,138,124.777804,43.474709,0,0,0
阳光硅谷,12000,商住,高新硅谷大街硅谷大街与荷园路交会,44,125.257234,43.823151,2018,08,12
融汇悦府・悦公馆,0,商住,经开经开北海路与仙台大街交汇,59,125.326507,43.830967,0,0,0
鑫海幸福城,0,1室/2室/3室,宽城合隆镇北青年路和合平路交会处,90,125.181708,44.068427,0,0,0
书香蓝郡,5100,2室/3室,宽城合隆镇青年路与荣发路东行米,102,125.197833,44.057844,2020,04,03
嘉惠美院,12500,1室/2室/3室,经开经开兰州街与浦东路交会,106,125.402584,43.857504,2019,06,27
伟峰东域,13000,别墅,净月天泽大路永顺路与樱花东街交会处,355,125.412463,43.770216,2019,06,30
上城2.0公里,0,1室/2室,宽城宽城鞍山路与利国街交会处,67,125.264015,43.826869,0,0,0
林香阁尚品,0,1室/2室,宽城合隆镇国道以东北青年路与繁华路交汇,70,125.184938,44.058811,0,0,0
益田假日天地,9700,2室/3室,高新高新超凡大街与顺达路交会处,102,125.265597,43.79632,2019,12,07
昊源伊水名苑,0,3室,二道二道二道区吉林大路以南临河街以西伊通,148,125.359542,43.881518,0,0,0
绿地新里中央公馆,0,3室/4室,南关市政府南三环与幸福街交汇,145,125.305326,43.821053,0,0,0
远创城市广场,0,商住,二道二道东环城路与河东路交会处,49,125.390456,43.908849,0,0,0
嘉旺金碧园,0,2室,宽城合隆镇德隆大街与合通路交会处,85,125.177284,44.041328,0,0,0
中央公馆,0,写字楼,德惠市德惠市中央街与十一道街交会处,0,125.684336,44.541389,0,0,0
环亚国际,0,写字楼,二道二道吉林大路与乐群街交汇,0,125.375974,43.87457,0,0,0
隆达丽景世纪城,0,写字楼,农安县农安县烧锅镇长白公路北行公里,0,125.020987,43.998409,0,0,0
大众置业湾街区,0,写字楼,经开东方广场武汉路与自由东路交会,169,125.337331,43.893686,0,0,0
壹湖国际,0,写字楼,南关南部新城华庆路与新明街交会处,0,125.295103,43.983398,0,0,0
万星幸福城商铺,0,写字楼,宽城宽城亚泰大街与富城路交会北行米,0,125.334115,43.948905,0,0,0
珍珠公馆门市,0,写字楼,绿园老城区花莲路粮油批发市场对面,0,125.285157,43.923421,0,0,0
长春远大购物广场商铺,0,写字楼,南关南部新城新明街与华庆路交会,0,125.180609,44.430199,0,0,0
城建大厦,0,写字楼,南关老南关人民大街与南湖大路交会处,0,125.327836,43.851695,0,0,0
南湖远鉴,0,写字楼,南关老南关南湖大路与人民大街交会处,0,125.330899,43.851635,0,0,0
万科金域长春商铺,0,写字楼,南关市政府亚泰大街与南四环交会处,0,125.334033,43.811611,0,0,0
国金中心写字间,0,写字楼,经开赛德广场东南湖大路与福州街交会处,0,125.332286,43.889095,0,0,0
中铁城,0,2室/3室/4室,汽开西湖板块富民大路,171,125.148501,43.855816,0,0,0
领秀蓝珀湖,26000,2室/4室/5室,北湖科技开发区工业大学盛北大街,161,125.396533,43.989352,2018,10,29
万科班芙花园,9980,3室/4室/别墅,净月大学城净月大街号,245,125.455318,43.825245,2018,05,12
华润净月_,290,3室/4室,净月天泽大路聚业大街,150,125.418747,43.763789,2018,06,16
恒大御峰,12000,2室/3室/4室/5室,南关老南关前进大街,146,125.293494,43.78982,2018,03,09
华方状元府,8200,2室/3室,宽城兰家板块青年路与装备大路交会处,77,125.238701,44.000543,2018,07,10
万科城市之光,15000,2室/3室/4室,绿园西客站南阳路,124,125.219681,43.881249,2018,06,17
新发北湖花园,6800,1室/2室/3室,北湖科技开发区龙翔广场盛北大街与明斯克路交会,96,125.401175,43.96605,2016,07,16
万盛理想国,8000,1室/2室/3室,绿园老城区西环城路号西安大路与西环城路交,94,125.242496,43.900337,2017,05,20
蓝色港湾,6200,商住,二道远达大街惠工路与远达大街交会处,55,125.371137,43.903064,2017,11,13
国信御湖公馆,9200,1室/2室/3室/4室,南关老南关前进大街与南四环路交会,109,125.289929,43.80189,2014,11,09
远创紫樾台,12000,1室/2室/3室,绿园老城区青林路,93,125.297168,43.919954,2018,07,19
新星宇之郡,0,2室/3室/4室,二道东盛吉林大路与东环城路交会东行米,110,125.404644,43.878365,2016,06,11
诺睿德国际商务广场,9000,商住,净月大学城天富路近新城大街,71,125.398401,43.801276,2014,11,07
万科东湾半岛,11000,2室/3室,南关老南关东莱南街,108,125.359142,43.903499,2017,12,02
中央公园,11800,2室/3室/4室,经开赛德广场仙台大街与卫星路交会,110,125.381991,43.835647,2017,04,12
荣发荣城壹品,3600,2室/3室,宽城合隆镇荣发路,98,125.193829,44.055521,2014,06,12
兴邦第一城,4000,1室/2室/3室,宽城合隆镇合平路,95,125.170691,44.06354,2018,06,28
恒大御景,0,写字楼,南关市政府幸福街,0,125.309376,43.817089,0,0,0
华润置地公馆,8800,商住,南关老南关金宇大路与新明街交会处,49,125.317713,43.795571,2018,07,24
良品柏宏爱琴湾,7100,1室/2室/3室,经开东方广场吉林大路,85,125.434948,43.886567,2017,10,16
中海紫御华府,10000,4室,经开赛德广场东南湖大路与临河街交会处,287,125.367762,43.853423,2017,08,05
香水湾二期,6700,2室/3室,二道远达大街远达大街与东荣大路交会处,94,125.371814,43.922159,2013,07,27
新星宇和煦,10000,1室/2室/3室,绿园老城区清溪路与新竹路交会处,90,125.281969,43.911421,2016,01,12
中懋天地,14000,商住,净月生态大街和美路,126,125.384563,43.816858,2017,10,31
远洋锦唐,0,3室/4室,经开赛德广场虹桥街近湛江路,135,125.386499,43.836978,0,0,0
爱尚北湖,8800,2室/3室,北湖科技开发区龙翔广场盛北大街,101,125.397593,43.970015,2018,03,24
保合垄上公元,0,2室/3室,南关老南关金宇大路与华昌街交汇南行约米,121,125.309678,43.789807,0,0,0
珍珠公馆,0,2室/3室,绿园老城区花莲路和青春街交会处,97,125.285157,43.923421,0,0,0
都市邻里,8700,2室/3室,经开中东大市场自由大路,108,125.399775,43.863754,2017,06,24
后现代橙,6800,1室/2室,宽城火车站板块一匡街与北人民大街交会东行米,63,125.326349,43.923171,2016,04,12
华瀚四季花园,14000,3室/4室,绿园老城区春城大街号,157,125.258589,43.897971,2017,04,02
首地首城,12000,1室/2室/3室,经开赛德广场净月大街号,98,125.411937,43.841222,2016,08,13
上城碧水华庭,8100,2室/3室,高新高新西顺达路,93,125.228517,43.796685,2018,03,16
远创金泽锦城,10000,1室/2室/3室,二道二道河东路,84,125.390582,43.907324,2018,08,11
润天观湖国际,0,2室/3室,南关老南关前进大街,115,125.293557,43.786874,0,0,0
龙城御苑,0,1室/2室/3室,绿园老城区皓月大路与建阳街交会处,84,125.287059,43.886662,0,0,0
雍达华仁公馆,0,1室/2室/3室,高新欧亚卖场开运街,85,125.236054,43.829139,0,0,0
红星国际广场,0,商住,二道二道远达大街与裕民路交会东行米,69,125.377783,43.907378,0,0,0
月潭壹英里,0,2室/3室,净月福祉大路文冠街,97,125.433941,43.79152,0,0,0
卓扬中华城,0,1室/2室/3室,宽城火车站板块九台路与富城路交汇处北行米中东,88,125.331249,43.947879,0,0,0
天合花园,0,1室/2室,宽城火车站板块九台路与三辅街交会处,66,125.327846,43.92722,0,0,0
宝雍阁金色东方,8500,商住,二道二道吉林大路与新开西街交会处,208,125.415323,43.882692,2014,10,25
汉森香榭里,5600,1室/2室/3室/4室,高新高新超越大街与创意路交会,132,125.245255,43.778574,2012,09,08
凤凰雅居,0,2室/3室/4室,净月天泽大路郁金香街号福祉大路与郁金香街交会,134,125.417207,43.786402,0,0,0
中信御园,14800,2室/3室/4室,南关老南关平阳街与曙光路交会处,175,125.335673,43.873512,2012,09,30
嘉惠七号院,9000,2室/3室,经开中东大市场浦东路与兰州街交会处,111,125.402573,43.85611,2016,09,03
早安长春,11000,2室/3室,高新高新硅谷大街与蔚山路交会西行米,90,125.245414,43.815186,2016,08,15
高新和@,11000,3室/4室/5室,高新高新光谷大街与荷园路交会东行米,188,125.251213,43.828031,2016,11,05
龙泰檀香苑,8000,1室/2室/3室,宽城柳影路基隆北街与新月路交会处,83,125.287531,43.930838,2015,05,16
吉星花园,7700,2室/3室,南关老南关南湖中街与金宇大路交会处,105,125.30697,43.797483,2017,07,29
益和国际城,7700,1室/2室/3室,宽城新光复路兴旺路,73,125.295103,43.983398,2017,11,22
天盛名都,7500,1室/2室/3室,高新高新电台街与湖光路交会处轻轨湖光路站点,83,125.265947,43.843184,2015,11,30
田野家园,0,1室/2室/3室,净月南临河街福祉大路与生态东街交会处,77,121.768599,29.789451,0,0,0
汇峰国际,9999,商住,绿园老城区西安大路与春明街交会处,273,125.295578,43.897696,2015,12,27
圣世金鼎城,7000,2室,南关老南关前进大街与南四环交会南行米惠民,0,125.300871,43.789722,2016,05,20
海航荣御,0,商住,朝阳红旗街商圈工农大路号百脑汇旁边,1931,125.302517,43.867075,0,0,0
远创国际,0,2室/3室,朝阳红旗街商圈卫星路号,111,125.309815,43.831881,2015,05,01
蔚蓝国际,0,1室/2室,二道东盛东新路号东盛大街与东新路交会处,71,125.372771,43.89494,0,0,0
中海m庭,0,2室/3室/4室,高新高新南四环路与超凡大街交会处南行米,126,125.258831,43.782701,0,0,0
万龙丽水湾,0,2室/3室,高新高新锦湖大路与超凡大街交会处南行米,93,125.258813,43.786029,0,0,0
昂展公园里,0,3室,高新高新硅谷大街与超强街交会南行米,109,125.225381,43.785191,0,0,0
嘉惠第五园,0,2室/3室,经开赛德广场金川街与昆山路交会,113,125.371999,43.853897,0,0,0
益田枫露,0,3室,高新高新硅谷大街与超越大街交会,131,125.236395,43.792011,2014,08,17
龙润福湾国际,3700,2室/3室,宽城宽城兴隆山东公里长吉北线与龙双公路交,99,125.502464,43.992228,2014,09,30
华荣泰时代COSMO,0,2室,净月南临河街生态大街号生态广场南米,84,125.377312,43.812247,0,0,0
东田青年城,0,2室/3室,宽城柳影路新月路号青年路与新月路交会处,102,125.29165,43.943203,0,0,0
大唐东方盛世,0,2室/3室,经开东方广场合肥路与嘉兴街交会,111,125.428069,43.875469,0,0,0
明宇金融广场,8500,写字楼,净月南临河街彩宇广场南行公里生态大街号,1895,125.376538,43.796406,2019,05,01
澳海梦想城,0,1室/2室/3室,经开北区经开北区北远达大街,87,125.392074,43.95749,0,0,0
保利蔷薇,6200,2室/3室/5室,净月天泽大路梧桐街与天泽大路交会喜来登酒店南行,131,125.433847,43.759184,2017,08,22
金寓春城,0,写字楼,宽城宽城宽城九台路与庆丰路交会处,0,125.331216,43.934557,0,0,0
汇海国际,0,写字楼,朝阳朝阳西安大路号西安大路与永安街交会处,0,125.314838,43.890882,0,0,0
阳光美湖天地,12200,2室/3室,高新高新睿智路与超群南街交会处,110,125.25114,43.77617,2020,09,19
新星宇・和锦・西象府,0,3室/4室,绿园西客站皓月大路与西四环路交会南行米,129,125.204231,43.887254,0,0,0
新大普罗旺斯,11500,2室/3室,北湖科技开发区龙翔广场高新北区明斯克路与盛德大街交会,110,125.409424,43.967809,2019,04,27
龙湾御景,0,2室/3室,双阳双阳东双阳大街与山河路交会处,95,125.689354,43.5274,0,0,0
学府桃源里,0,2室/3室/4室,宽城合隆镇北凯旋路与荣发路交汇西行米,107,125.208796,44.062867,0,0,0
万科柏翠园,18000,4室/5室,朝阳红旗街商圈繁荣路,275,125.297716,43.842853,2018,09,16
大禹南湖首府,15000,商住,朝阳红旗街商圈繁荣路与南湖中街交会南行米,44,125.304345,43.837029,2015,08,17
大众置业上河湾,9000,3室,经开东方广场武汉路与自由东路交会东方广场东南方,115,125.444366,43.877269,2018,12,31
龙府御桂园,0,2室/3室,长春周边范家屯板块硅谷大街与科技二路交汇处,86,125.164127,43.737674,0,0,0
大众置业悦榕湾,0,2室/3室/4室/5室/6室,经开北区经开北区远达大街望龙桥北行米,120,125.390411,43.946005,0,0,0
高新悦府,0,2室/3室,高新欧亚卖场光谷大街与飞跃东路交会,115,125.256292,43.842217,0,0,0
吉盛碧海华庭,0,1室/2室/3室,宽城合隆镇北青年路与合平路交会西行米,90,125.175062,44.06682,0,0,0
荣发东郡,4500,2室/3室,宽城合隆镇荣发中路,87,125.195818,44.060725,2020,06,22
广泽九溪红府,5400,2室/3室,九台区九台区迎宾路与文体大街延伸段交会,100,125.82536,44.129185,2020,10,25
万隆Z堂,0,2室/3室,宽城合隆镇北青年路与荣发路交汇,107,125.189593,44.05252,0,0,0
万晟新阳光,4500,2室/3室,九台区九台区卡伦滨湖生态新城卡伦老街,88,125.5391,44.020957,2020,09,30
新星宇香颂,8000,商住,经开中东大市场自由大路与东环城路交会东行米,40,125.396618,43.867112,2018,07,27
金质融城二期,0,1室,宽城火车站板块北人民大街与庆丰路交汇庆丰路地铁站,36,125.326613,43.934478,0,0,0
天一和院,9000,2室/3室,汽开汽车厂支农大街与双丰西路交会处,101,125.193142,43.851164,2018,12,30
长春未来城,0,1室/2室,农安县农安县烧锅镇长白西线以北,66,125.395048,43.803365,0,0,0
大洲国际,15000,商住,汽开汽车公园东风大街与和谐大路交会处,57,125.152545,43.82789,2014,11,14
硅谷京苑,0,2室,长春周边范家屯板块公主岭市范家屯镇富民路以东育民路以,0,125.096841,43.718387,0,0,0
邱家小区四期,0,2室,宽城兰家板块北兴路,60,125.280889,44.003395,0,0,0
悦榕湾LOFT,0,商住,经开北区经开北区北远达大街望龙桥北行米,45,125.385574,43.957192,0,0,0
复地净月国际,9300,2室,净月大学城博学路与紫薇街交会处,69,125.425157,43.815588,2020,03,21
远达东北亚国际生资市场,10000,写字楼,北湖科技开发区龙翔广场北远达大街与隆北路交会,162,125.412632,44.044264,2018,10,06
绿地新都会,0,写字楼,南关南部新城南湖中街与翠语路交会处,171,125.233446,43.876402,0,0,0
新星宇和润商铺,0,写字楼,南关南部新城金宇大路,167,125.310897,43.792453,0,0,0
香港城商铺,0,写字楼,绿园老城区西环城路号,0,125.244501,43.904681,0,0,0
保利和光尘樾商铺,0,写字楼,净月南临河街生态东街与天青路交会西行米,0,125.368679,43.779483,0,0,0
伟裕智慧家,0,写字楼,南关南部新城源汇大街与谊民路交汇,41,125.379536,43.814403,0,0,0
智慧云谷新立华都,0,写字楼,九台区九台区体育场南行米,0,0,0,0,0,0
万科翡翠公园,12000,3室/4室,净月大学城生态东街与天富路交会东行米,149,125.390639,43.796616,2019,05,11
新城吾悦广场,9000,1室/2室/3室/4室,绿园老城区皓月大路与正阳街交会,91,125.274246,43.887841,2016,06,19
东兴王府,15000,别墅,净月天泽大路永顺路,316,125.428102,43.770775,2018,06,30
万达文华公馆,16000,2室/3室/4室,朝阳红旗街商圈红旗街,131,125.290105,43.868048,2018,07,21
恒大净月公馆,0,3室,净月大学城锦竹西路,138,125.417593,43.777533,0,0,0
华润凯旋门,7000,1室/2室/3室/4室,高新高新华光街与蔚山路交会,131,125.247066,43.81306,2016,06,25
富得林曼哈顿中心,0,商住,净月南临河街生态大街近天普路,85,125.367838,43.769948,0,0,0
上东城市之光,15000,1室/2室/3室,二道东盛东盛大街与经纬路交会处,96,125.380022,43.869595,2012,05,20
万科如园,15000,3室/4室/8室/别墅,净月大学城金河街,222,125.451895,43.83416,2018,08,25
城建世纪佳园,4420,1室/2室/3室,二道二道洋浦大街与机场快速路交会处,76,125.418164,43.902466,2015,11,10
万龙第十城,4800,1室/2室,宽城火车站板块北凯旋路与北环城路交会北行米处,52,125.315333,43.955877,2014,06,14
万龙城,8000,2室/3室,南关老南关前进大街与金宇大路交会西行米,88,125.284228,43.795137,2017,04,09
远洋戛纳小镇,7500,2室/3室/别墅,净月天泽大路永顺路,112,125.444219,43.764561,2018,08,24
新星宇塞纳,9700,1室/2室/3室,高新高新永新路,81,125.218752,43.812415,2018,02,07
万科金域长春,13000,3室/4室,南关八一水库南四环路,132,125.335391,43.811993,2017,10,22
中海景阳公馆,6500,商住,绿园西客站南阳路,53,125.22302,43.880269,2018,05,11
万浦小镇,9500,1室/2室/3室/4室/5室,高新高新超达大路近超然街,126,125.249318,43.802698,2017,06,17
源山别院,0,2室/3室,净月天泽大路长影世纪城南行米,119,125.438535,43.759634,2018,01,07
龙首壹号院,15000,3室/4室/5室/6室,南关南部新城盛世大路近芳草街,265,125.282907,43.802592,2016,10,17
东安开运福里,7300,1室/2室/3室,朝阳红旗街商圈电台街与开运街交会处,68,125.258043,43.847789,2016,06,10
瀚邦凤凰传奇,0,商住,净月生态大街宜昌路与南四环交会处,52,125.372889,43.813937,0,0,0
万科繁荣里,19000,2室/3室/4室,朝阳朝阳桦甸街,123,125.274009,43.841706,2018,04,21
恒大都市广场,9400,2室/3室,二道远达大街裕民路,115,125.380969,43.904516,2016,12,10
荣旺天下,6600,1室/2室/3室,宽城火车站板块亚泰大街与台北大街东行米,99,125.351003,43.917622,2017,06,17
春城家园,3800,1室/2室/3室,宽城合隆镇长隆大街,94,125.19925,44.044801,2016,12,18
新星宇左邻,0,2室/3室,南关八一水库亚泰大街与南三环交会,125,125.334458,43.815012,0,0,0
上台花园,0,2室/3室,宽城火车站板块亚泰北大街与庆丰路交会处东行米处,100,125.340353,43.941184,0,0,0
新大E+时代,8500,商住,经开赛德广场仙台大街与威海路交会处,43,125.374191,43.849406,2018,07,27
绿地国际花都,7500,2室/3室,净月南临河街生态大街与银杏路交会处,114,125.389981,43.784564,2015,05,08
万龙国际城,0,1室/2室/3室,宽城火车站板块凯旋北路,87,125.32049,43.952957,0,0,0
华亿红府,15000,1室/2室/3室/4室,朝阳朝阳红旗街号,114,125.293412,43.868429,2012,08,01
国信央城8号,0,2室/3室/4室/6室,南关老南关金宇大路与华昌街交会处,164,125.288525,43.800646,0,0,0
益田瓦萨小镇,13000,别墅,净月天泽大路梧桐街与永顺路交会南行米处,257,125.434691,43.764227,2014,05,25
万盛国邦,7000,1室/2室/3室,宽城火车站板块北亚泰大街与小南街交会处,74,125.33853,43.94733,2016,04,09
中航御湖天城,0,1室/2室/3室,北湖科技开发区龙翔广场应化新路,78,125.401171,43.971568,0,0,0
金地梧桐华府,10200,2室/3室,绿园老城区青溪路,102,125.279588,43.903931,2017,01,14
太阳世家,11200,4室/5室/7室/别墅,南关南部新城泰春街,253,125.283235,43.806497,2017,09,16
长电朗天国际,0,写字楼,净月大学城新城大街与天富路原飞虹路交会处,0,125.397879,43.798117,0,0,0
多恩海棠湾,9000,1室/2室/3室,汽开汽车厂东风大街,86,125.155165,43.822854,2017,06,10
豪邦四季经典一期,0,2室,宽城柳影路基隆北街号基隆街与新月路交会处,80,125.280808,43.935042,0,0,0
保利林语,13000,别墅,南关老南关前进大街号南四环与前进大街交汇,232,125.291147,43.807885,2016,07,23
欢乐颂,6800,商住,经开中东大市场自由大路与郑州街交会,52,125.406543,43.864659,2017,04,15
成城蓉桥壹号,8200,1室/2室/3室,宽城火车站板块铁西街,100,125.309305,43.911198,2017,03,01
万龙世纪城,9000,2室/3室,经开赛德广场新城大街与连云港路交会,95,125.404121,43.835544,2017,05,07
新星宇和韵,13500,2室/3室/4室,北湖科技开发区龙翔广场明斯克路,112,125.396489,43.966065,2018,10,27
恒盛豪庭,6500,1室,高新高新超群南街与创意路交会,0,125.254571,43.777341,2017,03,15
华航檀香湾,9500,2室/3室/别墅,汽开汽车厂腾飞大路,126,125.202454,43.827272,2017,10,21
米澜国际,9000,2室/3室,宽城柳影路北环城路,108,125.303401,43.951286,2018,04,28
君地天城,8000,2室/3室/4室,汽开汽车公园腾飞大路号腾飞大路北侧,143,125.201036,43.832378,2020,08,20
希派创意城,11000,写字楼,南关南部新城南湖中街与华惠路交会处,115,125.307081,43.799318,2019,07,13
华润橡府,12000,3室/6室,南关老南关南四环与南湖中街交会处南行米,237,125.303782,43.79751,2014,08,31
天伦中央广场,12000,1室/2室,南关老南关亚泰大街号,60,125.339406,43.895075,2017,07,22
万晟幸福里,7000,2室/3室,南关老南关前进大街与金宇大路交会西行米,91,125.281201,43.795179,2016,04,05
长春壹号院,18000,3室/4室/5室/6室,朝阳朝阳繁荣路,235,125.292154,43.841421,2016,10,30
东安加州枫景,8200,1室/2室/3室/4室,净月南临河街南四环与临河街交会南四环轻轨站旁,110,125.36746,43.806066,2017,02,11
潭泽东南明珠,9000,1室/2室/3室/4室,净月南临河街天富路,113,125.393379,43.801655,2017,08,16
阳光水郡,8500,1室/2室,二道二道临河街与西公平路交会处西公平路南侧,53,125.361783,43.871934,2015,05,10
金亿国玺,10000,商住,二道二道荣光路,55,125.372932,43.886883,2018,05,26
大禹褐石公园,0,2室/3室/5室,高新高新超凡大街与宜居路交会处东行米,178,125.266129,43.770157,2015,09,20
中正御华庭,0,2室/3室,宽城宽城庆丰路与北亚泰大街交会,116,125.335705,43.933728,0,0,0
北海丽景,11000,2室/3室/4室,经开赛德广场北海路,104,125.386863,43.840031,2014,08,22
华业龙玺别墅,500,别墅,净月天泽大路森杨路,300,125.471577,43.810675,2012,09,02
青年大厦,7400,1室/2室,宽城柳影路青年路与扶余路交会处,68,125.295143,43.941015,2015,09,06
中海紫金苑,13000,3室/4室/5室,南关老南关华运路,254,125.306764,43.808613,2014,06,21
东城名苑,0,2室/3室,二道远达大街远达大街与东丰路交会处,103,125.383341,43.903759,0,0,0
德展长春印,0,2室/3室/商住,二道东盛乐群街与岭东路交会处,78,125.390327,43.876901,0,0,0
富奥观潭,11800,别墅,净月天泽大路净月大街与金河街交会东行米,0,125.453875,43.829441,2015,07,21
长春宽城万达广场,0,2室,宽城宽城宽城北人民大街号,86,125.322162,43.914881,0,0,0
新星宇和源,0,1室/2室/3室,高新欧亚卖场超达路与光谷大街交会,92,125.22099,43.809942,0,0,0
亚泰梧桐公馆,0,2室/4室,经开东方广场吉林大路与东环城路交会处,119,125.398315,43.880406,0,0,0
凯利花园,0,2室/3室,二道二道洋浦大街号,120,125.420881,43.892419,0,0,0
澳海澜苑,0,1室/2室,高新高新超强街以西丙十二路以北超强西街以,57,125.224898,43.777201,0,0,0
澳海澜庭,0,1室/3室,高新高新硅谷大街号,79,125.220341,43.784612,0,0,0
力旺弗朗明歌六期B临组团,0,2室/3室,净月天泽大路南环城路号,130,125.352563,43.816559,0,0,0
新星宇和顺,0,2室,宽城火车站板块九台路与一匡街交会处,81,125.331379,43.927154,0,0,0
复地哥德堡森林三期墅香洋房,0,2室,净月天泽大路博学路与净乙五路交会处税务学院西侧,75,125.423711,43.819375,0,0,0
东安白金首府,0,2室/3室,宽城火车站板块亚泰大街与长新路交会处东行米劳模,90,125.348282,43.929048,0,0,0
力旺东玺台,0,2室/3室,二道东盛二道东盛大街与吉林大路交会处,109,125.379148,43.886357,0,0,0
金质融城,0,2室,宽城宽城宽城长新街与九台路交会处,89,125.328383,43.934279,0,0,0
万豪世纪广场,9000,写字楼,经开赛德广场净月大街近新城大街,0,125.406336,43.838079,2017,08,19
摩尔公馆,0,写字楼,绿园老城区景阳大路与西环城交会处,0,125.23906,43.88557,0,0,0
泰豪深蓝国际,0,写字楼,净月南临河街彩宇西街与天普路交会净月管委会新址,171,125.374279,43.771756,0,0,0
长春国际金融中心写字楼,0,写字楼,南关老南关人民大街与解放大路交会处,1215,125.327192,43.877343,0,0,0
时代大道,0,写字楼,宽城火车站板块人民大街与铁北二路交会,0,125.32498,43.918814,2015,10,31
中信净月山,0,写字楼,净月天泽大路净月净月大街号净月大街与聚业大,0,125.428547,43.802133,0,0,0
新星宇36号公馆,0,写字楼,高新高新高新永新路以北一汽大众平台零配件厂,0,125.221108,43.812091,0,0,0
蓝天SOHO,0,写字楼,宽城宽城宽城辽宁路号,0,125.309147,43.905025,0,0,0
一品红城红成大厦,0,写字楼,朝阳红旗街商圈朝阳红旗街长春外国语学校旁,0,125.287161,43.857776,0,0,0
融创大河宸院,0,2室/3室/4室,净月南临河街丙四十五路与丁二十街交会即东师华蕴,113,125.362244,43.752265,2020,12,01
多恩居住岛三期,0,写字楼,汽开汽车厂汽开区新红旗大街与和谐大街交汇南,262,125.155238,43.822051,0,0,0
天泽教育城,8500,写字楼,净月天泽大路净月大街与金棕榈街交汇处,0,125.44783,43.769693,2019,10,31
君地o,0,写字楼,汽开汽车公园汽车大路号汽车广场西侧,0,125.386052,43.78996,0,0,0
新发翡翠花溪,26000,商住,高新高新蔚山路与光谷大街交会处,68,125.239901,43.817026,2014,05,17
凯旋公馆,12000,1室/2室/3室,净月南临河街生态东街,90,125.388267,43.804787,2018,05,21
怡众名城,7000,2室/3室/4室,高新高新光谷大街号光谷大街与佳园路交会,131,125.2481,43.824819,2015,04,26
金色佳圆,0,1室/2室,绿园老城区青年路与绕城高速交会处以南米,82,125.258586,43.983751,0,0,0
吉大文昌路55院,0,2室/3室/4室,南关老南关人民大街与文昌路交汇东行米,153,125.332819,43.859524,0,0,0
吴太商务中心,0,写字楼,宽城宽城胜利大街号吴太大厦,0,125.329518,43.906835,0,0,0
君盈身份广场,5800,写字楼,净月天泽大路福祉大路与新城大街交会,0,125.392285,43.786934,2016,06,28
保利财智中心,0,写字楼,南关八一水库人民大街与南四环交会东行米,845,125.3319,43.809306,2016,10,01
蓝港中心,0,写字楼,二道远达大街惠工路与远达大街交会处北行米,119,125.371015,43.899805,2014,07,19
保利拉菲公馆写字间,0,写字楼,汽开汽车厂越野路与创业大街交会北米汽车厂,159,125.241735,43.865615,2014,05,23
证大立方大厦,0,写字楼,净月南临河街南环城路与和融路交会,1729,125.384732,43.818724,2014,06,11
龙腾国际大厦,0,写字楼,净月南临河街生态大街与福祉大路交会西行米,640,125.3728,43.786608,2013,03,21
恒兴国际城,30000,写字楼,南关老南关解放大路与大经路交会处,108,125.34588,43.882277,2014,12,30
环球贸易中心,0,写字楼,净月南临河街净月生态大街与南环城路交会处生态广,0,125.379642,43.813703,0,0,0
筑业阳光经典,0,写字楼,高新高新高新前进大街与卫星路交会处高新沃尔,0,125.288784,43.830699,0,0,0
越达科技产业园,0,写字楼,高新高新超越大街与越达路交会处,0,125.245471,43.79822,0,0,0
修正健康国际,0,写字楼,净月南临河街生态东街与天合路交会,0,125.386069,43.791083,0,0,0
正恩中国印,0,写字楼,净月天泽大路生态大街与天青路交会,0,125.377479,43.776271,0,0,0
大众冠军寓,0,商住,高新高新前进大街与火炬路交会处,52,125.29073,43.820603,0,0,0
华友国际,7500,写字楼,净月生态大街南四环与百顺街交汇,0,125.38107,43.820099,2016,07,03
总部基地金融第五城,13000,写字楼,经开赛德广场南湖大路与会展大街交会,0,125.388907,43.8524,2014,04,02
中国铁建花语城商铺,20000,写字楼,高新欧亚卖场光谷大街与众恒路交会,0,125.243521,43.828311,2017,06,24
上城博悦国际,0,写字楼,高新硅谷大街硅谷大街与西顺达路交会处,0,125.230001,43.796749,0,0,0
新星宇和韵商铺,0,写字楼,经开北区经开北区北湾东街与明斯克路交汇处,0,125.397985,43.966352,0,0,0
万科金色里程商铺,0,写字楼,汽开汽车公园西湖大路号,0,125.202507,43.818909,0,0,0
恒泰郡城,0,1室/2室/3室,绿园老城区台北大街与青年路交会东行米,92,125.303354,43.924042,2018,10,01
金都小镇学府世家,7000,1室/2室/3室,宽城柳影路青年路近北四环路,104,125.288959,43.966373,2017,11,02
豪邦缇香公馆,0,2室/3室/4室,汽开汽车厂长沈路与飞跃路交会,139,125.234329,43.847815,0,0,0
阳光嘉年华尚城,6100,1室/2室/3室,绿园老城区皓月大路与西环城路交会,82,125.240404,43.890841,2015,08,30
国信美邑,10500,商住,净月天泽大路净月大街号净月大街与金屏街交会,45,125.441197,43.82579,2015,11,06
华润橡左橡右,7000,商住,南关老南关南湖中街与华远路交会处,49,125.302787,43.800322,2016,08,21
中意国际,6500,商住,经开东方广场吉林大路长吉南线交会经开管委会旁,65,125.430106,43.880543,2014,08,30
水韵豪庭,9500,3室/4室,南关老南关东岭南街与繁荣路交会,169,125.350785,43.842489,2015,02,10
金钰蓉城,0,2室,绿园老城区翔运街与春郊路交会北行米长春特,77,125.294523,43.891337,0,0,0
澳海东方1号,0,1室/2室/3室,经开经开经开经开区洋浦大街号,93,125.425868,43.870619,0,0,0
红晟陶然公馆,0,写字楼,南关老南关南关幸福街号南环城路与幸福街交,0,125.312218,43.820895,0,0,0
融创上城财富源,32000,写字楼,高新高新硅谷大街号,49,125.262791,43.826103,2015,11,14
福祉汇金中心,0,写字楼,净月南临河街生态大街与福祉大路交会,706,125.373813,43.787528,0,0,0
君临东方,12000,写字楼,净月南临河街生态大街与天普路交会,279,125.376894,43.773782,2018,03,30
恒丰国际,9500,写字楼,净月南临河街福祉大路和生态大街交会东南角,200,125.379912,43.78663,2013,11,01
高新华府,0,写字楼,高新高新高新响水生态开发区,0,125.170948,43.669201,0,0,0
长春五洲国际广场,0,写字楼,净月南临河街生态大街与天合路交会处,0,125.381691,43.790658,2015,06,27
益田枫露商铺,0,写字楼,高新高新硅谷大街与顺达路交会东行米,0,125.231736,43.795774,2015,10,01
汇购生活购物广场,0,写字楼,高新高新创意路与超强西街交会,0,125.222506,43.782764,0,0,0
中海景阳国际,0,写字楼,绿园西客站景阳大街与乙三路交会地铁号线兴隆,686,125.270779,43.88373,0,0,0
净月oR,18000,写字楼,净月南临河街生态东街与天成路交汇,125,125.386052,43.78996,2019,05,07
合众国际商务广场,0,写字楼,汽开汽车公园东风大路与西湖大路交会处,0,125.181609,43.835336,0,0,0
长春高新海容广场,0,写字楼,高新高新前进大街与微山路交汇处,0,125.294565,43.820153,0,0,0
长春国际金融中心,26000,3室/4室/5室,南关老南关人民大街号,219,125.327192,43.877343,2016,09,24
亿胜西悦鸿府,4200,2室/3室,绿园老城区合心镇福泉街与四季路交会,109,125.154627,43.95068,2014,09,13
吉森漫桦林,8000,2室/3室,南关老南关金宇大路与前进大街交会东行米,109,125.301018,43.795179,2017,06,25
源山墅,16000,别墅,净月天泽大路净月大街长影世纪城南行米,315,125.447761,43.75912,2018,01,07
紫金公馆,8200,商住,宽城宽城亚泰北街,37,125.336695,43.937753,2013,12,01
香江铂朗明珠,6000,2室/3室,绿园老城区飞跃北路号距西客站约米,122,125.217589,43.872483,2014,07,08
益田国际公寓,6500,商住,高新高新顺达路号,67,125.23144,43.795617,2017,09,09
中国铁建国际花园,6800,1室/2室/3室,汽开汽车厂长沈路号,81,125.21332,43.831301,2017,12,13
虹湾国际,8500,商住,经开赛德广场深圳街与浦东路交会,50,125.372821,43.857438,2014,10,18
中信云邸,0,别墅,净月天泽大路净月大街与聚业大街交会处,294,125.42996,43.804633,2015,04,11
潭泽溪郡,0,3室,净月天泽大路净月大街与柳莺东路交会处长影世纪城,129,125.444349,43.77664,0,0,0
像素公园,0,1室/3室/商住,经开赛德广场东南湖大路世纪大街交会,94,125.412182,43.849023,0,0,0
金禹阳光,7000,1室/2室,绿园老城区春郊路与建阳街交会处,75,125.289458,43.891239,2013,06,16
天富东苑,0,2室/3室,经开东方广场武汉路与长吉南线交会处,107,125.436266,43.874567,0,0,0
中展万国城,0,写字楼,高新高新光谷大街与南四环路交会,195,125.230977,43.807366,2017,08,27
第一国际中心,16000,写字楼,二道二道自由大路与伊通河交会处,1032,125.361735,43.86539,2015,05,15
欢乐城,0,写字楼,高新高新前进大街号,205,125.288305,43.831543,0,0,0
总部基地金融中心D系列,13500,写字楼,经开赛德广场南湖大路与福州街交会,9110,125.405339,43.874916,2016,09,14
万隆广场,0,写字楼,宽城宽城宽城国道西侧长途客运站以南米,0,125.189487,44.053268,0,0,0
嘉惠红山郡,0,写字楼,经开赛德广场经开会展大街与威海路交会处北海公园,0,125.38876,43.848879,0,0,0
凯捷金沙中心,0,写字楼,净月生态大街生态大街与和融路交会处,0,125.380716,43.817324,0,0,0
海之恋广场,0,写字楼,宽城合隆镇和平路合隆广场北侧,0,125.159753,44.063276,0,0,0
东广老街,0,写字楼,宽城宽城黑水路与东七条交会处,0,125.344312,43.907793,2016,07,09
东方之珠龙翔苑,0,写字楼,汽开汽车厂汽开长沈路以东通达路以西顺通小区,0,125.207245,43.817854,0,0,0
金域华府,0,写字楼,德惠市德惠市北德大路号,0,125.68562,44.528741,0,0,0
